{"categories": {"식비": {"새벽": {"mu": 0.0, "sigma": 0.0, "count": 2, "seeds": [42000]}, "아침": {"mu": 6657.608052853064, "sigma": 2599.5866235982903, "count": 136, "seeds": [3750, 6750, 9000]}, "점심": {"mu": 10727.164847230717, "sigma": 3453.9574587390057, "count": 182, "seeds": [13500, 13500, 13500]}, "저녁": {"mu": 15395.06187548764, "sigma": 6395.082044018975, "count": 145, "seeds": [52500, 13500, 13500]}, "밤": {"mu": 0.0, "sigma": 0.0, "count": 0, "seeds": []}, "_global": {"mu": 11683.600426619407, "sigma": 5923.708190914624, "count": 460, "seeds": [3750, 13500, 52500, 6750, 9000]}}, "쇼핑뷰티": {"새벽": {"mu": 0.0, "sigma": 0.0, "count": 0, "seeds": []}, "아침": {"mu": 0.0, "sigma": 0.0, "count": 0, "seeds": []}, "점심": {"mu": 23311.0, "sigma": 15199.700531589431, "count": 6, "seeds": [27000, 6000, 37500]}, "저녁": {"mu": 57895.33910625, "sigma": 68139.83319860612, "count": 9, "seeds": [27000, 108000, 27000]}, "밤": {"mu": 0.0, "sigma": 0.0, "count": 0, "seeds": []}, "_global": {"mu": 45388.61611430742, "sigma": 54400.14552489291, "count": 14, "seeds": [27000, 27000, 108000, 6000, 27000]}}, "문화여가": {"새벽": {"mu": 0.0, "sigma": 0.0, "count": 0, "seeds": []}, "아침": {"mu": 0.0, "sigma": 0.0, "count": 0, "seeds": []}, "점심": {"mu": 31153.594067558643, "sigma": 28901.27141982227, "count": 18, "seeds": [33000, 22500, 150000]}, "저녁": {"mu": 28531.693062552364, "sigma": 15033.236509542088, "count": 24, "seeds": [19500, 33000, 33000]}, "밤": {"mu": 0.0, "sigma": 0.0, "count": 0, "seeds": []}, "_global": {"mu": 26862.00815247131, "sigma": 11789.438057323443, "count": 41, "seeds": [19500, 33000, 33000, 33000, 22500]}}}}