{"categories": {"식비": {"새벽_평일": {"mu": 0.0, "sigma": 0.0, "count": 2, "seeds": [42000]}, "새벽_주말": {"mu": 0.0, "sigma": 0.0, "count": 0, "seeds": []}, "아침_평일": {"mu": 6670.743957601698, "sigma": 2633.073057824921, "count": 104, "seeds": [3750, 6750, 9000]}, "아침_주말": {"mu": 6776.435692785822, "sigma": 2868.5972633405713, "count": 34, "seeds": [9000, 8250]}, "점심_평일": {"mu": 10839.339120064224, "sigma": 3430.4567479951033, "count": 132, "seeds": [13500, 13500, 13500]}, "점심_주말": {"mu": 9893.05495140075, "sigma": 3442.9343704413754, "count": 52, "seeds": [7500, 13500]}, "저녁_평일": {"mu": 13065.926416626773, "sigma": 6250.37997076262, "count": 105, "seeds": [52500, 13500, 13500]}, "저녁_주말": {"mu": 15355.16222138978, "sigma": 5144.037473337029, "count": 42, "seeds": [15000, 15000]}, "밤_평일": {"mu": 0.0, "sigma": 0.0, "count": 0, "seeds": []}, "밤_주말": {"mu": 0.0, "sigma": 0.0, "count": 0, "seeds": []}, "_global": {"mu": 10459.465058245145, "sigma": 5739.332420519462, "count": 460, "seeds": [3750, 13500, 52500, 6750, 9000]}}, "쇼핑뷰티": {"새벽_평일": {"mu": 0.0, "sigma": 0.0, "count": 0, "seeds": []}, "새벽_주말": {"mu": 0.0, "sigma": 0.0, "count": 0, "seeds": []}, "아침_평일": {"mu": 0.0, "sigma": 0.0, "count": 0, "seeds": []}, "아침_주말": {"mu": 0.0, "sigma": 0.0, "count": 0, "seeds": []}, "점심_평일": {"mu": 16736.25, "sigma": 16579.945529162633, "count": 6, "seeds": [6000, 37500, 6000]}, "점심_주말": {"mu": 0.0, "sigma": 0.0, "count": 1, "seeds": [27000]}, "저녁_평일": {"mu": 76579.50881249999, "sigma": 71179.57660729635, "count": 8, "seeds": [108000, 27000, 108000]}, "저녁_주말": {"mu": 0.0, "sigma": 0.0, "count": 3, "seeds": [27000, 6000]}, "밤_평일": {"mu": 0.0, "sigma": 0.0, "count": 0, "seeds": []}, "밤_주말": {"mu": 0.0, "sigma": 0.0, "count": 0, "seeds": []}, "_global": {"mu": 45388.61611430742, "sigma": 54400.14552489291, "count": 14, "seeds": [27000, 27000, 108000, 6000, 27000]}}, "문화여가": {"새벽_평일": {"mu": 0.0, "sigma": 0.0, "count": 0, "seeds": []}, "새벽_주말": {"mu": 0.0, "sigma": 0.0, "count": 0, "seeds": []}, "아침_평일": {"mu": 0.0, "sigma": 0.0, "count": 0, "seeds": []}, "아침_주말": {"mu": 0.0, "sigma": 0.0, "count": 0, "seeds": []}, "점심_평일": {"mu": 40617.93076241113, "sigma": 46531.36774688128, "count": 12, "seeds": [33000, 22500, 150000]}, "점심_주말": {"mu": 38199.970546874996, "sigma": 24288.033938122742, "count": 8, "seeds": [27000, 67500]}, "저녁_평일": {"mu": 30875.198604684858, "sigma": 14236.261632642374, "count": 17, "seeds": [19500, 33000, 33000]}, "저녁_주말": {"mu": 26199.672653906244, "sigma": 10990.89621152108, "count": 9, "seeds": [19500, 33000]}, "밤_평일": {"mu": 0.0, "sigma": 0.0, "count": 0, "seeds": []}, "밤_주말": {"mu": 0.0, "sigma": 0.0, "count": 0, "seeds": []}, "_global": {"mu": 26945.935243138076, "sigma": 14064.58064834207, "count": 41, "seeds": [19500, 33000, 33000, 33000, 22500]}}}, "desc_freq": {"편의점 삼각김밥": {"events": ["2026-03-09", "2026-03-10", "2026-03-24", "2026-03-30"], "mu_weekly": 1, "sigma_weekly": 0.816496580927726}, "김밥천국 점심": {"events": ["2026-03-07", "2026-03-11", "2026-03-16", "2026-03-18", "2026-03-25", "2026-03-30", "2026-04-06", "2026-04-10"], "mu_weekly": 1.25, "sigma_weekly": 0.5}, "삼겹살 회식": {"events": ["2026-02-20", "2026-03-15"], "mu_weekly": 0.0, "sigma_weekly": 0.0}, "아메리카노": {"events": ["2026-02-26", "2026-03-14", "2026-03-25", "2026-03-31"], "mu_weekly": 1, "sigma_weekly": 0.816496580927726}, "카페 아침 세트": {"events": ["2026-02-18", "2026-03-05", "2026-03-11", "2026-03-16", "2026-03-20", "2026-03-23", "2026-03-25"], "mu_weekly": 1.25, "sigma_weekly": 0.9574271077563381}, "프랜차이즈 저녁": {"events": ["2026-03-12", "2026-03-13", "2026-03-23", "2026-03-28", "2026-04-03", "2026-04-07", "2026-04-08", "2026-04-10"], "mu_weekly": 1.5, "sigma_weekly": 1.0}, "라떼": {"events": ["2026-03-10", "2026-03-29", "2026-03-30", "2026-04-07"], "mu_weekly": 1, "sigma_weekly": 0.816496580927726}, "편의점 도시락": {"events": ["2026-03-06", "2026-03-09", "2026-03-15", "2026-03-23", "2026-03-31", "2026-04-01", "2026-04-03", "2026-04-05", "2026-04-09"], "mu_weekly": 1.5, "sigma_weekly": 0.5773502691896257}, "동네 식당": {"events": ["2026-03-07", "2026-03-10", "2026-03-14", "2026-03-20", "2026-03-22", "2026-03-24", "2026-03-27", "2026-04-04"], "mu_weekly": 1.75, "sigma_weekly": 1.2583057392117916}, "학식": {"events": ["2026-03-05", "2026-03-08", "2026-03-19", "2026-03-22", "2026-03-26", "2026-03-27", "2026-03-28", "2026-03-29", "2026-04-07"], "mu_weekly": 1.5, "sigma_weekly": 1.9148542155126762}, "영화 티켓": {"events": ["2026-02-25", "2026-03-15", "2026-03-26", "2026-03-29"], "mu_weekly": 0.0, "sigma_weekly": 0.0}, "동네 한식": {"events": ["2026-03-10", "2026-03-12", "2026-03-13", "2026-03-14", "2026-03-17", "2026-03-20", "2026-03-21", "2026-03-24", "2026-04-02", "2026-04-04", "2026-04-08"], "mu_weekly": 2.25, "sigma_weekly": 1.707825127659933}, "디저트 카페": {"events": ["2026-03-07", "2026-03-16", "2026-04-01", "2026-04-03"], "mu_weekly": 0.0, "sigma_weekly": 0.0}, "편의점 도시락 저녁": {"events": ["2026-02-27", "2026-03-02", "2026-03-05", "2026-03-06", "2026-03-17", "2026-03-21", "2026-03-25", "2026-03-26", "2026-03-30", "2026-03-31"], "mu_weekly": 1.75, "sigma_weekly": 1.2583057392117916}, "방탈출": {"events": ["2026-03-12", "2026-04-07"], "mu_weekly": 0.0, "sigma_weekly": 0.0}, "편의점 샌드위치": {"events": ["2026-03-22", "2026-03-28", "2026-04-07", "2026-04-08", "2026-04-09", "2026-04-10"], "mu_weekly": 1.25, "sigma_weekly": 1.2583057392117916}, "계절 티셔츠": {"events": ["2026-03-02"], "mu_weekly": 0.0, "sigma_weekly": 0.0}, "전시회": {"events": ["2026-02-28", "2026-03-31"], "mu_weekly": 0.0, "sigma_weekly": 0.0}, "친구 결혼식 축의금": {"events": ["2025-10-31"], "mu_weekly": 0.0, "sigma_weekly": 0.0}, "서점 신간": {"events": ["2026-04-05", "2026-04-06"], "mu_weekly": 0.0, "sigma_weekly": 0.0}, "운동화 교체": {"events": ["2026-03-24"], "mu_weekly": 0.0, "sigma_weekly": 0.0}, "생필품": {"events": ["2026-02-13"], "mu_weekly": 0.0, "sigma_weekly": 0.0}, "주말 여행": {"events": ["2025-12-08"], "mu_weekly": 0.0, "sigma_weekly": 0.0}, "자격증 교재": {"events": ["2025-12-13"], "mu_weekly": 0.0, "sigma_weekly": 0.0}, "명품 충동": {"events": ["2026-01-02"], "mu_weekly": 0.0, "sigma_weekly": 0.0}, "양말": {"events": ["2026-01-22"], "mu_weekly": 0.0, "sigma_weekly": 0.0}, "콘서트 티켓": {"events": ["2026-02-05", "2026-02-06", "2026-02-07"], "mu_weekly": 0.0, "sigma_weekly": 0.0}, "기초 화장품": {"events": ["2026-02-11"], "mu_weekly": 0.0, "sigma_weekly": 0.0}, "치킨 회식": {"events": ["2026-02-19"], "mu_weekly": 0.0, "sigma_weekly": 0.0}, "가족 생일 외식": {"events": ["2026-03-01"], "mu_weekly": 0.0, "sigma_weekly": 0.0}, "시험기간 배달": {"events": ["2026-03-10"], "mu_weekly": 0.0, "sigma_weekly": 0.0}, "친구와 저녁 외식": {"events": ["2026-03-11", "2026-04-01"], "mu_weekly": 0.0, "sigma_weekly": 0.0}, "파스타집": {"events": ["2026-03-16", "2026-04-05", "2026-04-09"], "mu_weekly": 0.0, "sigma_weekly": 0.0}}}